{
  "ethCount": 4.5444999999999975,
  "userCount": 204,
  "lastTick": 1749299302595,
  "refEthCount": 7.261499999999979,
  "refUserCount": 317,
  "last7dReset": 1748788581689
}