{
  "ethCount": 6.0510999999999875,
  "userCount": 269,
  "lastTick": 1749299302595,
  "refEthCount": 7.261499999999979,
  "refUserCount": 317,
  "last7dReset": 1748788581689
}