{
  "ethCount": 4.2120999999999995,
  "userCount": 190,
  "lastTick": 1749299302595,
  "refEthCount": 7.261499999999979,
  "refUserCount": 317,
  "last7dReset": 1748788581689
}