{
  "ethCount": 2.3510999999999997,
  "userCount": 102,
  "lastTick": 1749299302595,
  "refEthCount": 7.261499999999979,
  "refUserCount": 317,
  "last7dReset": 1748788581689
}