{
  "ethCount": 5.9637999999999876,
  "userCount": 265,
  "lastTick": 1749299302595,
  "refEthCount": 7.261499999999979,
  "refUserCount": 317,
  "last7dReset": 1748788581689
}