{
  "ethCount": 3.0668000000000006,
  "userCount": 134,
  "lastTick": 1749299302595,
  "refEthCount": 7.261499999999979,
  "refUserCount": 317,
  "last7dReset": 1748788581689
}