{
  "ethCount": 2.3314999999999997,
  "userCount": 101,
  "lastTick": 1749299302595,
  "refEthCount": 7.261499999999979,
  "refUserCount": 317,
  "last7dReset": 1748788581689
}