{
  "ethCount": 4.8083999999999945,
  "userCount": 214,
  "lastTick": 1749299302595,
  "refEthCount": 7.261499999999979,
  "refUserCount": 317,
  "last7dReset": 1748788581689
}