{
  "ethCount": 3.8810000000000007,
  "userCount": 174,
  "lastTick": 1749299302595,
  "refEthCount": 7.261499999999979,
  "refUserCount": 317,
  "last7dReset": 1748788581689
}