{
  "ethCount": 1.9793999999999998,
  "userCount": 88,
  "lastTick": 1749299302595,
  "refEthCount": 7.261499999999979,
  "refUserCount": 317,
  "last7dReset": 1748788581689
}